리뷰ID,작성일,채널,SKU,상품명,평점,리뷰내용,도움수
RV-0044,2026-05-27,자사몰,FR05,무아레 오션브리즈 디퓨저,1,이틀 지나니 향이 거의 안 나요,2
RV-0125,2026-05-27,자사몰,TW02,무아레 웨이브 머그,4,색감이 사진 그대로예요,0
RV-0280,2026-05-27,자사몰,ST01,무아레 데일리 다이어리,5,종이질이 좋아서 필기감이 부드러워요,3
RV-0369,2026-05-27,자사몰,TW02,무아레 웨이브 머그,3,기대보단 딱 그 정도예요,0
RV-0013,2026-05-28,자사몰,ST03,무아레 아트 엽서세트,5,가성비 좋아요,0
RV-0146,2026-05-28,네이버 스마트스토어,FR06,무아레 리넨 룸스프레이,3,가격 생각하면 적당한 것 같아요,0
RV-0195,2026-05-28,네이버 스마트스토어,FR04,무아레 화이트무스크 디퓨저,1,기대했는데 아쉽네요,3
RV-0406,2026-05-28,자사몰,FR08,무아레 미니 캔들 3종세트,5,집들이 선물했더니 반응 좋았어요,0
RV-0466,2026-05-28,네이버 스마트스토어,TW01,무아레 스톤 머그,5,선물했더니 좋아하네요,0
RV-0003,2026-05-29,자사몰,FR05,무아레 오션브리즈 디퓨저,5,발향 밸런스가 딱 좋아요,0
RV-0048,2026-05-29,네이버 스마트스토어,FR03,무아레 시트러스 캔들,4,무아레 향 시리즈 계속 모으는 중이에요,0
RV-0061,2026-05-29,자사몰,FR04,무아레 화이트무스크 디퓨저,3,나쁘진 않은데 특별하진 않네요,0
RV-0133,2026-05-29,자사몰,FB03,무아레 워시드 쿠션커버,5,마감이 꼼꼼하네요,3
RV-0454,2026-05-29,네이버 스마트스토어,TW02,무아레 웨이브 머그,4,묵직하고 질감이 좋아요,0
RV-0007,2026-05-30,네이버 스마트스토어,ST02,무아레 그리드 노트,5,가성비 좋아요,2
RV-0047,2026-05-30,네이버 스마트스토어,FB05,무아레 웨이브 테이블러너,4,마감이 꼼꼼하네요,0
RV-0062,2026-05-30,자사몰,TW04,무아레 웨이브 플레이트 2P,3,기대보단 딱 그 정도예요,5
RV-0067,2026-05-30,자사몰,ST05,무아레 실링스티커,4,디자인이 예뻐서 데일리로 써요,0
RV-0263,2026-05-30,자사몰,FR02,무아레 우드세이지 캔들,5,방에 두니 분위기가 확 살아요,1
RV-0324,2026-05-30,자사몰,TW03,무아레 스톤 플레이트 2P,5,색감이 사진 그대로예요,8
RV-0382,2026-05-30,네이버 스마트스토어,FR04,무아레 화이트무스크 디퓨저,4,발향 밸런스가 딱 좋아요,0
RV-0403,2026-05-30,네이버 스마트스토어,TW04,무아레 웨이브 플레이트 2P,4,선물했더니 좋아하네요,1
RV-0415,2026-05-30,네이버 스마트스토어,TW03,무아레 스톤 플레이트 2P,5,전자레인지도 되고 실용적이에요,0
RV-0431,2026-05-30,자사몰,FR04,무아레 화이트무스크 디퓨저,4,방에 두니 분위기가 확 살아요,5
RV-0478,2026-05-30,자사몰,FR04,무아레 화이트무스크 디퓨저,4,패키지가 고급스러워서 소장각이에요,2
RV-0063,2026-05-31,네이버 스마트스토어,ST05,무아레 실링스티커,3,그냥 평범해요,0
RV-0183,2026-05-31,자사몰,ST03,무아레 아트 엽서세트,5,구성이 알차서 만족이에요,0
RV-0212,2026-05-31,네이버 스마트스토어,ST03,무아레 아트 엽서세트,5,가성비 좋아요,0
RV-0229,2026-05-31,자사몰,FB06,무아레 코튼 플레이스매트 2P,5,마감이 꼼꼼하네요,12
RV-0266,2026-05-31,네이버 스마트스토어,FB06,무아레 코튼 플레이스매트 2P,5,생각보다 고급스러워요,12
RV-0417,2026-05-31,네이버 스마트스토어,FB03,무아레 워시드 쿠션커버,1,색이 화면과 살짝 달라요,3
RV-0015,2026-06-01,네이버 스마트스토어,FR04,무아레 화이트무스크 디퓨저,5,집들이 선물했더니 반응 좋았어요,8
RV-0073,2026-06-01,자사몰,TW04,무아레 웨이브 플레이트 2P,4,플레이팅이 살아나서 자주 써요,2
RV-0207,2026-06-01,자사몰,FB02,무아레 린넨 테이블러너,4,생각보다 고급스러워요,2
RV-0289,2026-06-01,네이버 스마트스토어,FB04,무아레 린넨 앞치마,1,가격 대비 조금 아쉬워요,0
RV-0407,2026-06-01,네이버 스마트스토어,ST03,무아레 아트 엽서세트,5,구성이 알차서 만족이에요,1
RV-0413,2026-06-01,자사몰,TW05,무아레 스톤 보울,5,마감이 깔끔하고 튼튼해요,0
RV-0465,2026-06-01,자사몰,ST02,무아레 그리드 노트,4,디자인이 예뻐서 데일리로 써요,12
RV-0470,2026-06-01,자사몰,FR07,무아레 디퓨저 리필 200ml,5,무아레 향 시리즈 계속 모으는 중이에요,0
RV-0026,2026-06-02,자사몰,TW01,무아레 스톤 머그,4,묵직하고 질감이 좋아요,0
RV-0086,2026-06-02,자사몰,TW03,무아레 스톤 플레이트 2P,4,마감이 깔끔하고 튼튼해요,0
RV-0121,2026-06-02,네이버 스마트스토어,ST01,무아레 데일리 다이어리,4,가성비 좋아요,2
RV-0150,2026-06-02,자사몰,FR05,무아레 오션브리즈 디퓨저,1,지속력이 아쉬워서 재구매는 고민돼요,2
RV-0177,2026-06-02,자사몰,TW04,무아레 웨이브 플레이트 2P,5,플레이팅이 살아나서 자주 써요,1
RV-0267,2026-06-02,네이버 스마트스토어,TW03,무아레 스톤 플레이트 2P,3,무난해요,0
RV-0371,2026-06-02,자사몰,FR03,무아레 시트러스 캔들,4,패키지가 고급스러워서 소장각이에요,5
RV-0402,2026-06-02,자사몰,ST04,무아레 마스킹테이프 세트,4,가성비 좋아요,2
RV-0404,2026-06-02,네이버 스마트스토어,FR02,무아레 우드세이지 캔들,5,발향 밸런스가 딱 좋아요,0
RV-0422,2026-06-02,자사몰,TW05,무아레 스톤 보울,3,나쁘진 않은데 특별하진 않네요,12
RV-0455,2026-06-02,자사몰,ST05,무아레 실링스티커,5,가성비 좋아요,2
RV-0491,2026-06-02,자사몰,TW06,무아레 글라스 컵 4P,5,색감이 사진 그대로예요,1
RV-0495,2026-06-02,네이버 스마트스토어,FB05,무아레 웨이브 테이블러너,1,가격 대비 조금 아쉬워요,2
RV-0034,2026-06-03,자사몰,ST02,무아레 그리드 노트,3,나쁘진 않은데 특별하진 않네요,1
RV-0035,2026-06-03,네이버 스마트스토어,ST05,무아레 실링스티커,3,그냥 평범해요,2
RV-0043,2026-06-03,자사몰,ST05,무아레 실링스티커,5,디자인이 예뻐서 데일리로 써요,2
RV-0069,2026-06-03,네이버 스마트스토어,TW02,무아레 웨이브 머그,5,묵직하고 질감이 좋아요,3
RV-0123,2026-06-03,네이버 스마트스토어,FR07,무아레 디퓨저 리필 200ml,5,향이 은은하고 오래가서 만족해요,1
RV-0169,2026-06-03,자사몰,TW01,무아레 스톤 머그,5,색감이 사진 그대로예요,0
RV-0171,2026-06-03,네이버 스마트스토어,TW06,무아레 글라스 컵 4P,3,나쁘진 않은데 특별하진 않네요,0
RV-0232,2026-06-03,자사몰,ST04,무아레 마스킹테이프 세트,3,나쁘진 않은데 특별하진 않네요,5
RV-0250,2026-06-03,자사몰,TW02,무아레 웨이브 머그,5,묵직하고 질감이 좋아요,0
RV-0277,2026-06-03,자사몰,FB03,무아레 워시드 쿠션커버,5,도톰하고 촉감이 좋아요,5
RV-0290,2026-06-03,네이버 스마트스토어,TW02,무아레 웨이브 머그,5,선물했더니 좋아하네요,5
RV-0428,2026-06-03,자사몰,ST03,무아레 아트 엽서세트,4,가성비 좋아요,5
RV-0458,2026-06-03,네이버 스마트스토어,FB02,무아레 린넨 테이블러너,5,마감이 꼼꼼하네요,8
RV-0010,2026-06-04,자사몰,ST04,무아레 마스킹테이프 세트,3,가격 생각하면 적당한 것 같아요,2
RV-0017,2026-06-04,자사몰,TW07,무아레 세라믹 티팟,5,전자레인지도 되고 실용적이에요,2
RV-0084,2026-06-04,네이버 스마트스토어,FR04,무아레 화이트무스크 디퓨저,5,향이 은은하고 오래가서 만족해요,8
RV-0085,2026-06-04,자사몰,TW04,무아레 웨이브 플레이트 2P,3,그냥 평범해요,1
RV-0114,2026-06-04,자사몰,ST05,무아레 실링스티커,5,선물용으로 딱이에요,0
RV-0205,2026-06-04,네이버 스마트스토어,TW06,무아레 글라스 컵 4P,5,묵직하고 질감이 좋아요,1
RV-0387,2026-06-04,네이버 스마트스토어,ST04,무아레 마스킹테이프 세트,5,가성비 좋아요,0
RV-0453,2026-06-04,자사몰,FR07,무아레 디퓨저 리필 200ml,2,가격 대비 조금 아쉬워요,0
RV-0011,2026-06-05,자사몰,FR05,무아레 오션브리즈 디퓨저,1,디퓨저 스틱에 향이 잘 안 올라와요,5
RV-0054,2026-06-05,자사몰,TW04,무아레 웨이브 플레이트 2P,5,색감이 사진 그대로예요,1
RV-0065,2026-06-05,자사몰,TW04,무아레 웨이브 플레이트 2P,1,받자마자 금이 가 있었어요,1
RV-0138,2026-06-05,네이버 스마트스토어,ST02,무아레 그리드 노트,4,구성이 알차서 만족이에요,3
RV-0161,2026-06-05,자사몰,TW06,무아레 글라스 컵 4P,5,선물했더니 좋아하네요,2
RV-0182,2026-06-05,자사몰,ST04,무아레 마스킹테이프 세트,4,구성이 알차서 만족이에요,1
RV-0227,2026-06-05,네이버 스마트스토어,FB02,무아레 린넨 테이블러너,5,생각보다 고급스러워요,3
RV-0296,2026-06-05,자사몰,TW05,무아레 스톤 보울,4,마감이 깔끔하고 튼튼해요,5
RV-0311,2026-06-05,네이버 스마트스토어,FB02,무아레 린넨 테이블러너,5,생각보다 고급스러워요,0
RV-0337,2026-06-05,네이버 스마트스토어,ST02,무아레 그리드 노트,1,색이 화면과 살짝 달라요,2
RV-0357,2026-06-05,네이버 스마트스토어,FR03,무아레 시트러스 캔들,5,발향 밸런스가 딱 좋아요,2
RV-0381,2026-06-05,자사몰,TW01,무아레 스톤 머그,5,색감이 사진 그대로예요,8
RV-0419,2026-06-05,네이버 스마트스토어,FR05,무아레 오션브리즈 디퓨저,5,패키지가 고급스러워서 소장각이에요,0
RV-0429,2026-06-05,네이버 스마트스토어,FB05,무아레 웨이브 테이블러너,5,색이 은은해서 어디든 잘 어울려요,0
RV-0485,2026-06-05,자사몰,FR01,무아레 화이트무스크 캔들,5,집들이 선물했더니 반응 좋았어요,1
RV-0496,2026-06-05,네이버 스마트스토어,FR03,무아레 시트러스 캔들,5,향이 은은하고 오래가서 만족해요,1
RV-0511,2026-06-05,자사몰,ST01,무아레 데일리 다이어리,5,선물용으로 딱이에요,1
RV-0001,2026-06-06,자사몰,ST03,무아레 아트 엽서세트,5,가성비 좋아요,0
RV-0050,2026-06-06,자사몰,FR06,무아레 리넨 룸스프레이,5,발향 밸런스가 딱 좋아요,5
RV-0081,2026-06-06,네이버 스마트스토어,TW06,무아레 글라스 컵 4P,5,마감이 깔끔하고 튼튼해요,12
RV-0095,2026-06-06,자사몰,ST03,무아레 아트 엽서세트,5,선물용으로 딱이에요,0
RV-0101,2026-06-06,자사몰,TW04,무아레 웨이브 플레이트 2P,4,선물했더니 좋아하네요,1
RV-0129,2026-06-06,자사몰,TW03,무아레 스톤 플레이트 2P,4,색감이 사진 그대로예요,0
RV-0239,2026-06-06,네이버 스마트스토어,FB04,무아레 린넨 앞치마,3,기대보단 딱 그 정도예요,0
RV-0249,2026-06-06,네이버 스마트스토어,FR02,무아레 우드세이지 캔들,4,발향 밸런스가 딱 좋아요,1
RV-0293,2026-06-06,네이버 스마트스토어,FB02,무아레 린넨 테이블러너,4,도톰하고 촉감이 좋아요,3
RV-0330,2026-06-06,자사몰,FR08,무아레 미니 캔들 3종세트,2,색이 화면과 살짝 달라요,0
RV-0363,2026-06-06,자사몰,ST01,무아레 데일리 다이어리,4,종이질이 좋아서 필기감이 부드러워요,1
RV-0367,2026-06-06,자사몰,TW04,무아레 웨이브 플레이트 2P,1,완충재가 부족해서 파손 위험 높아 보여요,5
RV-0368,2026-06-06,자사몰,TW04,무아레 웨이브 플레이트 2P,4,마감이 깔끔하고 튼튼해요,0
RV-0374,2026-06-06,자사몰,FR01,무아레 화이트무스크 캔들,3,나쁘진 않은데 특별하진 않네요,0
RV-0378,2026-06-06,자사몰,TW03,무아레 스톤 플레이트 2P,5,선물했더니 좋아하네요,0
RV-0488,2026-06-06,자사몰,FR01,무아레 화이트무스크 캔들,5,패키지가 고급스러워서 소장각이에요,2
RV-0008,2026-06-07,자사몰,TW01,무아레 스톤 머그,5,마감이 깔끔하고 튼튼해요,5
RV-0053,2026-06-07,네이버 스마트스토어,FR05,무아레 오션브리즈 디퓨저,3,기대보단 딱 그 정도예요,5
RV-0059,2026-06-07,자사몰,ST04,무아레 마스킹테이프 세트,5,구성이 알차서 만족이에요,0
RV-0071,2026-06-07,자사몰,TW05,무아레 스톤 보울,2,가격 대비 조금 아쉬워요,3
RV-0075,2026-06-07,네이버 스마트스토어,ST01,무아레 데일리 다이어리,5,선물용으로 딱이에요,3
RV-0080,2026-06-07,자사몰,FR05,무아레 오션브리즈 디퓨저,2,리드에 향이 안 먹는 느낌이에요,0
RV-0119,2026-06-07,네이버 스마트스토어,TW01,무아레 스톤 머그,5,마감이 깔끔하고 튼튼해요,2
RV-0218,2026-06-07,네이버 스마트스토어,ST05,무아레 실링스티커,4,종이질이 좋아서 필기감이 부드러워요,12
RV-0292,2026-06-07,네이버 스마트스토어,FR06,무아레 리넨 룸스프레이,4,방에 두니 분위기가 확 살아요,0
RV-0314,2026-06-07,네이버 스마트스토어,ST03,무아레 아트 엽서세트,4,구성이 알차서 만족이에요,1
RV-0322,2026-06-07,자사몰,FB04,무아레 린넨 앞치마,5,생각보다 고급스러워요,0
RV-0340,2026-06-07,자사몰,TW07,무아레 세라믹 티팟,4,마감이 깔끔하고 튼튼해요,2
RV-0346,2026-06-07,자사몰,TW07,무아레 세라믹 티팟,3,기대보단 딱 그 정도예요,2
RV-0436,2026-06-07,자사몰,TW02,무아레 웨이브 머그,5,마감이 깔끔하고 튼튼해요,1
RV-0437,2026-06-07,네이버 스마트스토어,ST04,무아레 마스킹테이프 세트,3,가격 생각하면 적당한 것 같아요,0
RV-0448,2026-06-07,자사몰,FR07,무아레 디퓨저 리필 200ml,5,무아레 향 시리즈 계속 모으는 중이에요,5
RV-0471,2026-06-07,자사몰,TW03,무아레 스톤 플레이트 2P,4,전자레인지도 되고 실용적이에요,0
RV-0479,2026-06-07,네이버 스마트스토어,ST01,무아레 데일리 다이어리,4,선물용으로 딱이에요,12
RV-0486,2026-06-07,네이버 스마트스토어,TW05,무아레 스톤 보울,5,플레이팅이 살아나서 자주 써요,2
RV-0498,2026-06-07,자사몰,ST04,무아레 마스킹테이프 세트,5,가성비 좋아요,0
RV-0031,2026-06-08,자사몰,FR01,무아레 화이트무스크 캔들,4,집들이 선물했더니 반응 좋았어요,2
RV-0039,2026-06-08,네이버 스마트스토어,ST05,무아레 실링스티커,4,디자인이 예뻐서 데일리로 써요,0
RV-0064,2026-06-08,자사몰,FR05,무아레 오션브리즈 디퓨저,2,디퓨저 스틱에 향이 잘 안 올라와요,3
RV-0091,2026-06-08,자사몰,TW04,무아레 웨이브 플레이트 2P,4,마감이 깔끔하고 튼튼해요,0
RV-0135,2026-06-08,네이버 스마트스토어,TW02,무아레 웨이브 머그,5,전자레인지도 되고 실용적이에요,0
RV-0180,2026-06-08,네이버 스마트스토어,ST03,무아레 아트 엽서세트,3,무난해요,2
RV-0231,2026-06-08,자사몰,TW05,무아레 스톤 보울,1,배송이 생각보다 늦었어요,2
RV-0237,2026-06-08,네이버 스마트스토어,TW02,무아레 웨이브 머그,2,가격 대비 조금 아쉬워요,2
RV-0268,2026-06-08,자사몰,FB03,무아레 워시드 쿠션커버,2,기대했는데 아쉽네요,0
RV-0270,2026-06-08,자사몰,TW04,무아레 웨이브 플레이트 2P,2,배송 중에 깨져서 왔어요,0
RV-0279,2026-06-08,네이버 스마트스토어,FB03,무아레 워시드 쿠션커버,4,색이 은은해서 어디든 잘 어울려요,3
RV-0306,2026-06-08,자사몰,TW01,무아레 스톤 머그,4,마감이 깔끔하고 튼튼해요,1
RV-0332,2026-06-08,네이버 스마트스토어,FB02,무아레 린넨 테이블러너,4,도톰하고 촉감이 좋아요,5
RV-0339,2026-06-08,자사몰,TW01,무아레 스톤 머그,5,선물했더니 좋아하네요,2
RV-0356,2026-06-08,네이버 스마트스토어,FB05,무아레 웨이브 테이블러너,2,가격 대비 조금 아쉬워요,5
RV-0384,2026-06-08,자사몰,TW04,무아레 웨이브 플레이트 2P,4,묵직하고 질감이 좋아요,0
RV-0397,2026-06-08,자사몰,ST02,무아레 그리드 노트,4,구성이 알차서 만족이에요,0
RV-0480,2026-06-08,네이버 스마트스토어,TW01,무아레 스톤 머그,3,무난해요,0
RV-0487,2026-06-08,자사몰,ST03,무아레 아트 엽서세트,4,가성비 좋아요,0
RV-0022,2026-06-09,네이버 스마트스토어,TW05,무아레 스톤 보울,1,가격 대비 조금 아쉬워요,2
RV-0027,2026-06-09,자사몰,TW05,무아레 스톤 보울,5,전자레인지도 되고 실용적이에요,2
RV-0033,2026-06-09,네이버 스마트스토어,ST02,무아레 그리드 노트,3,나쁘진 않은데 특별하진 않네요,1
RV-0070,2026-06-09,네이버 스마트스토어,TW05,무아레 스톤 보울,2,색이 화면과 살짝 달라요,0
RV-0089,2026-06-09,자사몰,TW05,무아레 스톤 보울,4,색감이 사진 그대로예요,2
RV-0153,2026-06-09,자사몰,ST04,무아레 마스킹테이프 세트,5,가성비 좋아요,8
RV-0175,2026-06-09,네이버 스마트스토어,FB06,무아레 코튼 플레이스매트 2P,4,마감이 꼼꼼하네요,0
RV-0230,2026-06-09,네이버 스마트스토어,FB02,무아레 린넨 테이블러너,4,세탁해도 형태가 잘 유지돼요,0
RV-0236,2026-06-09,자사몰,TW03,무아레 스톤 플레이트 2P,4,마감이 깔끔하고 튼튼해요,0
RV-0262,2026-06-09,자사몰,TW02,무아레 웨이브 머그,4,묵직하고 질감이 좋아요,12
RV-0273,2026-06-09,네이버 스마트스토어,TW01,무아레 스톤 머그,5,색감이 사진 그대로예요,0
RV-0286,2026-06-09,네이버 스마트스토어,FR03,무아레 시트러스 캔들,5,방에 두니 분위기가 확 살아요,2
RV-0304,2026-06-09,자사몰,FR03,무아레 시트러스 캔들,5,향이 은은하고 오래가서 만족해요,0
RV-0317,2026-06-09,자사몰,FR07,무아레 디퓨저 리필 200ml,4,무아레 향 시리즈 계속 모으는 중이에요,0
RV-0353,2026-06-09,네이버 스마트스토어,ST03,무아레 아트 엽서세트,4,디자인이 예뻐서 데일리로 써요,3
RV-0360,2026-06-09,네이버 스마트스토어,TW02,무아레 웨이브 머그,4,묵직하고 질감이 좋아요,8
RV-0366,2026-06-09,네이버 스마트스토어,FB01,무아레 코튼 블랭킷,3,무난해요,0
RV-0372,2026-06-09,네이버 스마트스토어,TW03,무아레 스톤 플레이트 2P,3,그냥 평범해요,2
RV-0441,2026-06-09,자사몰,FR08,무아레 미니 캔들 3종세트,4,발향 밸런스가 딱 좋아요,3
RV-0473,2026-06-09,자사몰,ST03,무아레 아트 엽서세트,5,종이질이 좋아서 필기감이 부드러워요,1
RV-0497,2026-06-09,네이버 스마트스토어,FR03,무아레 시트러스 캔들,5,무아레 향 시리즈 계속 모으는 중이에요,2
RV-0510,2026-06-09,자사몰,FR05,무아레 오션브리즈 디퓨저,5,발향 밸런스가 딱 좋아요,2
RV-0512,2026-06-09,네이버 스마트스토어,TW06,무아레 글라스 컵 4P,4,플레이팅이 살아나서 자주 써요,2
RV-0005,2026-06-10,자사몰,TW02,무아레 웨이브 머그,3,나쁘진 않은데 특별하진 않네요,1
RV-0104,2026-06-10,네이버 스마트스토어,ST03,무아레 아트 엽서세트,3,기대보단 딱 그 정도예요,1
RV-0139,2026-06-10,자사몰,ST01,무아레 데일리 다이어리,2,색이 화면과 살짝 달라요,0
RV-0152,2026-06-10,자사몰,FB03,무아레 워시드 쿠션커버,4,마감이 꼼꼼하네요,8
RV-0157,2026-06-10,네이버 스마트스토어,FB02,무아레 린넨 테이블러너,5,세탁해도 형태가 잘 유지돼요,3
RV-0185,2026-06-10,네이버 스마트스토어,FR01,무아레 화이트무스크 캔들,2,가격 대비 조금 아쉬워요,1
RV-0194,2026-06-10,자사몰,TW02,무아레 웨이브 머그,5,플레이팅이 살아나서 자주 써요,3
RV-0215,2026-06-10,자사몰,TW01,무아레 스톤 머그,4,선물했더니 좋아하네요,0
RV-0223,2026-06-10,자사몰,TW03,무아레 스톤 플레이트 2P,5,선물했더니 좋아하네요,1
RV-0234,2026-06-10,네이버 스마트스토어,FR02,무아레 우드세이지 캔들,5,집들이 선물했더니 반응 좋았어요,0
RV-0240,2026-06-10,자사몰,ST02,무아레 그리드 노트,5,선물용으로 딱이에요,0
RV-0255,2026-06-10,네이버 스마트스토어,TW02,무아레 웨이브 머그,5,전자레인지도 되고 실용적이에요,0
RV-0256,2026-06-10,자사몰,FB04,무아레 린넨 앞치마,4,마감이 꼼꼼하네요,2
RV-0316,2026-06-10,네이버 스마트스토어,ST06,무아레 데스크 캘린더,5,가성비 좋아요,2
RV-0394,2026-06-10,자사몰,FR08,무아레 미니 캔들 3종세트,3,기대보단 딱 그 정도예요,1
RV-0420,2026-06-10,네이버 스마트스토어,FB02,무아레 린넨 테이블러너,4,색이 은은해서 어디든 잘 어울려요,1
RV-0430,2026-06-10,네이버 스마트스토어,FR05,무아레 오션브리즈 디퓨저,3,기대보단 딱 그 정도예요,1
RV-0434,2026-06-10,네이버 스마트스토어,TW02,무아레 웨이브 머그,4,묵직하고 질감이 좋아요,5
RV-0500,2026-06-10,자사몰,TW04,무아레 웨이브 플레이트 2P,4,묵직하고 질감이 좋아요,0
RV-0042,2026-06-11,네이버 스마트스토어,TW02,무아레 웨이브 머그,3,그냥 평범해요,0
RV-0078,2026-06-11,자사몰,FB03,무아레 워시드 쿠션커버,4,생각보다 고급스러워요,2
RV-0103,2026-06-11,네이버 스마트스토어,FR01,무아레 화이트무스크 캔들,5,패키지가 고급스러워서 소장각이에요,8
RV-0105,2026-06-11,자사몰,FR04,무아레 화이트무스크 디퓨저,5,발향 밸런스가 딱 좋아요,0
RV-0128,2026-06-11,자사몰,TW05,무아레 스톤 보울,3,무난해요,1
RV-0160,2026-06-11,자사몰,FB02,무아레 린넨 테이블러너,4,색이 은은해서 어디든 잘 어울려요,5
RV-0257,2026-06-11,네이버 스마트스토어,FR05,무아레 오션브리즈 디퓨저,3,무난해요,0
RV-0276,2026-06-11,네이버 스마트스토어,FR06,무아레 리넨 룸스프레이,3,나쁘진 않은데 특별하진 않네요,0
RV-0285,2026-06-11,자사몰,TW04,무아레 웨이브 플레이트 2P,5,묵직하고 질감이 좋아요,2
RV-0426,2026-06-11,자사몰,ST03,무아레 아트 엽서세트,3,그냥 평범해요,1
RV-0445,2026-06-11,자사몰,FB03,무아레 워시드 쿠션커버,5,세탁해도 형태가 잘 유지돼요,1
RV-0450,2026-06-11,네이버 스마트스토어,TW01,무아레 스톤 머그,3,무난해요,0
RV-0477,2026-06-11,자사몰,FR03,무아레 시트러스 캔들,4,발향 밸런스가 딱 좋아요,5
RV-0020,2026-06-12,네이버 스마트스토어,FB04,무아레 린넨 앞치마,5,마감이 꼼꼼하네요,3
RV-0021,2026-06-12,자사몰,TW03,무아레 스톤 플레이트 2P,5,묵직하고 질감이 좋아요,2
RV-0040,2026-06-12,네이버 스마트스토어,ST04,무아레 마스킹테이프 세트,3,그냥 평범해요,5
RV-0087,2026-06-12,자사몰,TW05,무아레 스톤 보울,5,플레이팅이 살아나서 자주 써요,2
RV-0096,2026-06-12,자사몰,FR01,무아레 화이트무스크 캔들,2,가격 대비 조금 아쉬워요,2
RV-0102,2026-06-12,자사몰,TW02,무아레 웨이브 머그,5,선물했더니 좋아하네요,5
RV-0122,2026-06-12,네이버 스마트스토어,ST02,무아레 그리드 노트,3,그냥 평범해요,0
RV-0131,2026-06-12,네이버 스마트스토어,FR07,무아레 디퓨저 리필 200ml,5,집들이 선물했더니 반응 좋았어요,0
RV-0163,2026-06-12,자사몰,FB04,무아레 린넨 앞치마,5,생각보다 고급스러워요,2
RV-0178,2026-06-12,네이버 스마트스토어,TW01,무아레 스톤 머그,3,나쁘진 않은데 특별하진 않네요,0
RV-0189,2026-06-12,네이버 스마트스토어,ST02,무아레 그리드 노트,5,종이질이 좋아서 필기감이 부드러워요,0
RV-0221,2026-06-12,네이버 스마트스토어,FB03,무아레 워시드 쿠션커버,4,도톰하고 촉감이 좋아요,2
RV-0225,2026-06-12,네이버 스마트스토어,TW03,무아레 스톤 플레이트 2P,4,전자레인지도 되고 실용적이에요,1
RV-0243,2026-06-12,네이버 스마트스토어,ST05,무아레 실링스티커,2,색이 화면과 살짝 달라요,0
RV-0248,2026-06-12,자사몰,TW01,무아레 스톤 머그,4,묵직하고 질감이 좋아요,0
RV-0307,2026-06-12,네이버 스마트스토어,TW04,무아레 웨이브 플레이트 2P,5,전자레인지도 되고 실용적이에요,0
RV-0320,2026-06-12,자사몰,TW05,무아레 스톤 보울,1,가격 대비 조금 아쉬워요,0
RV-0380,2026-06-12,네이버 스마트스토어,FB03,무아레 워시드 쿠션커버,4,마감이 꼼꼼하네요,2
RV-0385,2026-06-12,자사몰,FB01,무아레 코튼 블랭킷,5,마감이 꼼꼼하네요,2
RV-0410,2026-06-12,자사몰,TW04,무아레 웨이브 플레이트 2P,5,색감이 사진 그대로예요,3
RV-0421,2026-06-12,네이버 스마트스토어,FB04,무아레 린넨 앞치마,3,가격 생각하면 적당한 것 같아요,0
RV-0444,2026-06-12,네이버 스마트스토어,ST02,무아레 그리드 노트,5,종이질이 좋아서 필기감이 부드러워요,0
RV-0449,2026-06-12,자사몰,ST03,무아레 아트 엽서세트,4,구성이 알차서 만족이에요,5
RV-0460,2026-06-12,자사몰,FB02,무아레 린넨 테이블러너,5,마감이 꼼꼼하네요,0
RV-0502,2026-06-12,자사몰,ST03,무아레 아트 엽서세트,5,구성이 알차서 만족이에요,12
RV-0004,2026-06-13,자사몰,TW02,무아레 웨이브 머그,1,가격 대비 조금 아쉬워요,2
RV-0014,2026-06-13,자사몰,ST02,무아레 그리드 노트,3,그냥 평범해요,0
RV-0045,2026-06-13,자사몰,TW01,무아레 스톤 머그,5,마감이 깔끔하고 튼튼해요,0
RV-0052,2026-06-13,네이버 스마트스토어,ST06,무아레 데스크 캘린더,1,색이 화면과 살짝 달라요,5
RV-0060,2026-06-13,네이버 스마트스토어,TW02,무아레 웨이브 머그,5,전자레인지도 되고 실용적이에요,0
RV-0097,2026-06-13,자사몰,TW02,무아레 웨이브 머그,5,마감이 깔끔하고 튼튼해요,1
RV-0118,2026-06-13,네이버 스마트스토어,ST01,무아레 데일리 다이어리,5,구성이 알차서 만족이에요,0
RV-0159,2026-06-13,자사몰,FB02,무아레 린넨 테이블러너,3,가격 생각하면 적당한 것 같아요,0
RV-0187,2026-06-13,네이버 스마트스토어,ST05,무아레 실링스티커,4,선물용으로 딱이에요,3
RV-0196,2026-06-13,네이버 스마트스토어,ST02,무아레 그리드 노트,4,선물용으로 딱이에요,0
RV-0222,2026-06-13,자사몰,TW02,무아레 웨이브 머그,3,기대보단 딱 그 정도예요,0
RV-0228,2026-06-13,자사몰,ST06,무아레 데스크 캘린더,4,선물용으로 딱이에요,3
RV-0260,2026-06-13,자사몰,FB03,무아레 워시드 쿠션커버,1,가격 대비 조금 아쉬워요,1
RV-0271,2026-06-13,자사몰,TW04,무아레 웨이브 플레이트 2P,4,묵직하고 질감이 좋아요,0
RV-0278,2026-06-13,자사몰,TW02,무아레 웨이브 머그,4,전자레인지도 되고 실용적이에요,1
RV-0291,2026-06-13,네이버 스마트스토어,FR02,무아레 우드세이지 캔들,5,발향 밸런스가 딱 좋아요,0
RV-0319,2026-06-13,네이버 스마트스토어,FR05,무아레 오션브리즈 디퓨저,1,오션브리즈라는데 향이 너무 약해요,3
RV-0364,2026-06-13,네이버 스마트스토어,FB02,무아레 린넨 테이블러너,5,도톰하고 촉감이 좋아요,0
RV-0388,2026-06-13,자사몰,FB06,무아레 코튼 플레이스매트 2P,5,색이 은은해서 어디든 잘 어울려요,0
RV-0399,2026-06-13,자사몰,FR08,무아레 미니 캔들 3종세트,3,나쁘진 않은데 특별하진 않네요,1
RV-0411,2026-06-13,네이버 스마트스토어,FR04,무아레 화이트무스크 디퓨저,5,집들이 선물했더니 반응 좋았어요,0
RV-0490,2026-06-13,자사몰,TW03,무아레 스톤 플레이트 2P,2,가격 대비 조금 아쉬워요,3
RV-0493,2026-06-13,네이버 스마트스토어,FR07,무아레 디퓨저 리필 200ml,5,무아레 향 시리즈 계속 모으는 중이에요,1
RV-0499,2026-06-13,자사몰,FB02,무아레 린넨 테이블러너,5,도톰하고 촉감이 좋아요,1
RV-0506,2026-06-13,네이버 스마트스토어,ST01,무아레 데일리 다이어리,5,구성이 알차서 만족이에요,0
RV-0520,2026-06-13,네이버 스마트스토어,TW01,무아레 스톤 머그,3,그냥 평범해요,0
RV-0016,2026-06-14,자사몰,FB02,무아레 린넨 테이블러너,3,나쁘진 않은데 특별하진 않네요,1
RV-0024,2026-06-14,자사몰,ST01,무아레 데일리 다이어리,5,구성이 알차서 만족이에요,3
RV-0029,2026-06-14,자사몰,TW07,무아레 세라믹 티팟,4,플레이팅이 살아나서 자주 써요,3
RV-0072,2026-06-14,네이버 스마트스토어,TW02,무아레 웨이브 머그,5,플레이팅이 살아나서 자주 써요,1
RV-0076,2026-06-14,자사몰,FB06,무아레 코튼 플레이스매트 2P,5,생각보다 고급스러워요,0
RV-0088,2026-06-14,네이버 스마트스토어,ST03,무아레 아트 엽서세트,4,가성비 좋아요,0
RV-0141,2026-06-14,자사몰,FR04,무아레 화이트무스크 디퓨저,3,무난해요,8
RV-0143,2026-06-14,네이버 스마트스토어,TW02,무아레 웨이브 머그,5,플레이팅이 살아나서 자주 써요,1
RV-0149,2026-06-14,네이버 스마트스토어,TW01,무아레 스톤 머그,5,선물했더니 좋아하네요,0
RV-0155,2026-06-14,네이버 스마트스토어,FR04,무아레 화이트무스크 디퓨저,1,배송이 생각보다 늦었어요,0
RV-0158,2026-06-14,네이버 스마트스토어,TW05,무아레 스톤 보울,5,플레이팅이 살아나서 자주 써요,0
RV-0173,2026-06-14,자사몰,FR05,무아레 오션브리즈 디퓨저,5,패키지가 고급스러워서 소장각이에요,0
RV-0181,2026-06-14,자사몰,FB03,무아레 워시드 쿠션커버,4,생각보다 고급스러워요,1
RV-0275,2026-06-14,네이버 스마트스토어,FB06,무아레 코튼 플레이스매트 2P,4,도톰하고 촉감이 좋아요,2
RV-0295,2026-06-14,자사몰,FR08,무아레 미니 캔들 3종세트,4,집들이 선물했더니 반응 좋았어요,0
RV-0298,2026-06-14,자사몰,FB05,무아레 웨이브 테이블러너,4,생각보다 고급스러워요,3
RV-0302,2026-06-14,자사몰,TW03,무아레 스톤 플레이트 2P,5,전자레인지도 되고 실용적이에요,1
RV-0310,2026-06-14,자사몰,FR04,무아레 화이트무스크 디퓨저,5,향이 은은하고 오래가서 만족해요,1
RV-0312,2026-06-14,자사몰,FB02,무아레 린넨 테이블러너,5,세탁해도 형태가 잘 유지돼요,1
RV-0328,2026-06-14,자사몰,FB03,무아레 워시드 쿠션커버,2,배송이 생각보다 늦었어요,0
RV-0336,2026-06-14,자사몰,FB02,무아레 린넨 테이블러너,2,색이 화면과 살짝 달라요,2
RV-0359,2026-06-14,네이버 스마트스토어,FB02,무아레 린넨 테이블러너,5,세탁해도 형태가 잘 유지돼요,3
RV-0376,2026-06-14,자사몰,FB05,무아레 웨이브 테이블러너,4,생각보다 고급스러워요,0
RV-0386,2026-06-14,자사몰,FR05,무아레 오션브리즈 디퓨저,5,패키지가 고급스러워서 소장각이에요,2
RV-0468,2026-06-14,네이버 스마트스토어,FR04,무아레 화이트무스크 디퓨저,4,집들이 선물했더니 반응 좋았어요,1
RV-0483,2026-06-14,자사몰,FR03,무아레 시트러스 캔들,2,색이 화면과 살짝 달라요,2
RV-0501,2026-06-14,자사몰,FR03,무아레 시트러스 캔들,2,배송이 생각보다 늦었어요,1
RV-0513,2026-06-14,자사몰,FR06,무아레 리넨 룸스프레이,3,그냥 평범해요,1
RV-0002,2026-06-15,네이버 스마트스토어,ST04,무아레 마스킹테이프 세트,2,색이 화면과 살짝 달라요,0
RV-0041,2026-06-15,자사몰,TW06,무아레 글라스 컵 4P,1,색이 화면과 살짝 달라요,1
RV-0077,2026-06-15,네이버 스마트스토어,FR08,무아레 미니 캔들 3종세트,4,발향 밸런스가 딱 좋아요,5
RV-0094,2026-06-15,네이버 스마트스토어,ST04,무아레 마스킹테이프 세트,5,가성비 좋아요,2
RV-0116,2026-06-15,자사몰,TW05,무아레 스톤 보울,5,전자레인지도 되고 실용적이에요,2
RV-0132,2026-06-15,네이버 스마트스토어,FR03,무아레 시트러스 캔들,5,발향 밸런스가 딱 좋아요,0
RV-0136,2026-06-15,자사몰,TW05,무아레 스톤 보울,4,플레이팅이 살아나서 자주 써요,2
RV-0202,2026-06-15,자사몰,TW03,무아레 스톤 플레이트 2P,4,전자레인지도 되고 실용적이에요,3
RV-0203,2026-06-15,네이버 스마트스토어,ST05,무아레 실링스티커,4,구성이 알차서 만족이에요,5
RV-0208,2026-06-15,네이버 스마트스토어,FR03,무아레 시트러스 캔들,4,패키지가 고급스러워서 소장각이에요,0
RV-0210,2026-06-15,자사몰,TW05,무아레 스톤 보울,4,전자레인지도 되고 실용적이에요,1
RV-0217,2026-06-15,자사몰,FR03,무아레 시트러스 캔들,5,발향 밸런스가 딱 좋아요,0
RV-0233,2026-06-15,네이버 스마트스토어,FR06,무아레 리넨 룸스프레이,1,색이 화면과 살짝 달라요,3
RV-0241,2026-06-15,네이버 스마트스토어,FR01,무아레 화이트무스크 캔들,5,무아레 향 시리즈 계속 모으는 중이에요,1
RV-0272,2026-06-15,자사몰,FR04,무아레 화이트무스크 디퓨저,3,나쁘진 않은데 특별하진 않네요,0
RV-0308,2026-06-15,네이버 스마트스토어,TW04,무아레 웨이브 플레이트 2P,4,묵직하고 질감이 좋아요,5
RV-0313,2026-06-15,자사몰,FR06,무아레 리넨 룸스프레이,5,방에 두니 분위기가 확 살아요,5
RV-0344,2026-06-15,네이버 스마트스토어,FR01,무아레 화이트무스크 캔들,4,무아레 향 시리즈 계속 모으는 중이에요,1
RV-0347,2026-06-15,자사몰,FR04,무아레 화이트무스크 디퓨저,3,그냥 평범해요,3
RV-0348,2026-06-15,네이버 스마트스토어,ST04,무아레 마스킹테이프 세트,5,종이질이 좋아서 필기감이 부드러워요,1
RV-0355,2026-06-15,자사몰,FB05,무아레 웨이브 테이블러너,4,색이 은은해서 어디든 잘 어울려요,3
RV-0392,2026-06-15,자사몰,ST05,무아레 실링스티커,3,무난해요,0
RV-0405,2026-06-15,자사몰,TW03,무아레 스톤 플레이트 2P,5,선물했더니 좋아하네요,0
RV-0409,2026-06-15,자사몰,FR01,무아레 화이트무스크 캔들,5,무아레 향 시리즈 계속 모으는 중이에요,1
RV-0447,2026-06-15,자사몰,ST01,무아레 데일리 다이어리,3,기대보단 딱 그 정도예요,2
RV-0461,2026-06-15,자사몰,TW01,무아레 스톤 머그,5,플레이팅이 살아나서 자주 써요,2
RV-0504,2026-06-15,자사몰,FR06,무아레 리넨 룸스프레이,5,패키지가 고급스러워서 소장각이에요,0
RV-0006,2026-06-16,네이버 스마트스토어,TW04,무아레 웨이브 플레이트 2P,3,무난해요,3
RV-0025,2026-06-16,자사몰,FB04,무아레 린넨 앞치마,5,세탁해도 형태가 잘 유지돼요,0
RV-0038,2026-06-16,네이버 스마트스토어,ST04,무아레 마스킹테이프 세트,5,선물용으로 딱이에요,3
RV-0074,2026-06-16,자사몰,FB02,무아레 린넨 테이블러너,4,생각보다 고급스러워요,0
RV-0082,2026-06-16,자사몰,TW02,무아레 웨이브 머그,5,묵직하고 질감이 좋아요,1
RV-0092,2026-06-16,네이버 스마트스토어,ST03,무아레 아트 엽서세트,5,구성이 알차서 만족이에요,0
RV-0093,2026-06-16,자사몰,FR04,무아레 화이트무스크 디퓨저,5,무아레 향 시리즈 계속 모으는 중이에요,5
RV-0098,2026-06-16,자사몰,FB04,무아레 린넨 앞치마,5,도톰하고 촉감이 좋아요,2
RV-0137,2026-06-16,자사몰,TW04,무아레 웨이브 플레이트 2P,2,교환받았는데 또 한쪽이 깨져 있었어요,0
RV-0147,2026-06-16,자사몰,FB02,무아레 린넨 테이블러너,5,생각보다 고급스러워요,12
RV-0156,2026-06-16,네이버 스마트스토어,FB03,무아레 워시드 쿠션커버,5,세탁해도 형태가 잘 유지돼요,3
RV-0184,2026-06-16,자사몰,TW01,무아레 스톤 머그,5,묵직하고 질감이 좋아요,5
RV-0204,2026-06-16,네이버 스마트스토어,FR05,무아레 오션브리즈 디퓨저,3,나쁘진 않은데 특별하진 않네요,2
RV-0214,2026-06-16,자사몰,TW06,무아레 글라스 컵 4P,5,전자레인지도 되고 실용적이에요,8
RV-0252,2026-06-16,자사몰,FR06,무아레 리넨 룸스프레이,4,방에 두니 분위기가 확 살아요,0
RV-0294,2026-06-16,자사몰,ST03,무아레 아트 엽서세트,5,디자인이 예뻐서 데일리로 써요,0
RV-0299,2026-06-16,자사몰,FB06,무아레 코튼 플레이스매트 2P,3,무난해요,5
RV-0327,2026-06-16,네이버 스마트스토어,TW02,무아레 웨이브 머그,5,묵직하고 질감이 좋아요,0
RV-0329,2026-06-16,자사몰,FR08,무아레 미니 캔들 3종세트,5,향이 은은하고 오래가서 만족해요,1
RV-0331,2026-06-16,자사몰,FB02,무아레 린넨 테이블러너,5,도톰하고 촉감이 좋아요,0
RV-0341,2026-06-16,자사몰,FR03,무아레 시트러스 캔들,4,집들이 선물했더니 반응 좋았어요,5
RV-0345,2026-06-16,네이버 스마트스토어,FR05,무아레 오션브리즈 디퓨저,1,지속력이 아쉬워서 재구매는 고민돼요,0
RV-0395,2026-06-16,자사몰,FR07,무아레 디퓨저 리필 200ml,5,방에 두니 분위기가 확 살아요,3
RV-0396,2026-06-16,네이버 스마트스토어,TW01,무아레 스톤 머그,3,무난해요,0
RV-0400,2026-06-16,자사몰,FB03,무아레 워시드 쿠션커버,5,도톰하고 촉감이 좋아요,0
RV-0442,2026-06-16,자사몰,TW06,무아레 글라스 컵 4P,5,전자레인지도 되고 실용적이에요,0
RV-0489,2026-06-16,네이버 스마트스토어,FB05,무아레 웨이브 테이블러너,1,배송이 생각보다 늦었어요,2
RV-0509,2026-06-16,네이버 스마트스토어,ST05,무아레 실링스티커,4,종이질이 좋아서 필기감이 부드러워요,0
RV-0514,2026-06-16,자사몰,FR08,무아레 미니 캔들 3종세트,4,발향 밸런스가 딱 좋아요,0
RV-0019,2026-06-17,자사몰,TW02,무아레 웨이브 머그,5,선물했더니 좋아하네요,3
RV-0032,2026-06-17,네이버 스마트스토어,FR07,무아레 디퓨저 리필 200ml,4,발향 밸런스가 딱 좋아요,0
RV-0066,2026-06-17,네이버 스마트스토어,ST02,무아레 그리드 노트,4,디자인이 예뻐서 데일리로 써요,8
RV-0068,2026-06-17,네이버 스마트스토어,ST06,무아레 데스크 캘린더,4,종이질이 좋아서 필기감이 부드러워요,1
RV-0106,2026-06-17,네이버 스마트스토어,ST03,무아레 아트 엽서세트,4,종이질이 좋아서 필기감이 부드러워요,1
RV-0112,2026-06-17,자사몰,FB03,무아레 워시드 쿠션커버,5,세탁해도 형태가 잘 유지돼요,2
RV-0124,2026-06-17,네이버 스마트스토어,FR08,무아레 미니 캔들 3종세트,5,방에 두니 분위기가 확 살아요,1
RV-0140,2026-06-17,자사몰,FR06,무아레 리넨 룸스프레이,4,집들이 선물했더니 반응 좋았어요,1
RV-0176,2026-06-17,네이버 스마트스토어,TW02,무아레 웨이브 머그,5,묵직하고 질감이 좋아요,0
RV-0186,2026-06-17,네이버 스마트스토어,FB05,무아레 웨이브 테이블러너,5,색이 은은해서 어디든 잘 어울려요,0
RV-0192,2026-06-17,네이버 스마트스토어,FR04,무아레 화이트무스크 디퓨저,5,집들이 선물했더니 반응 좋았어요,0
RV-0198,2026-06-17,자사몰,FR04,무아레 화이트무스크 디퓨저,4,집들이 선물했더니 반응 좋았어요,2
RV-0211,2026-06-17,자사몰,FR02,무아레 우드세이지 캔들,5,향이 은은하고 오래가서 만족해요,2
RV-0216,2026-06-17,네이버 스마트스토어,TW04,무아레 웨이브 플레이트 2P,1,배송 중에 깨져서 왔어요,2
RV-0238,2026-06-17,네이버 스마트스토어,ST01,무아레 데일리 다이어리,5,디자인이 예뻐서 데일리로 써요,0
RV-0281,2026-06-17,네이버 스마트스토어,ST03,무아레 아트 엽서세트,4,구성이 알차서 만족이에요,1
RV-0318,2026-06-17,네이버 스마트스토어,FB06,무아레 코튼 플레이스매트 2P,4,생각보다 고급스러워요,0
RV-0333,2026-06-17,네이버 스마트스토어,FB03,무아레 워시드 쿠션커버,5,마감이 꼼꼼하네요,0
RV-0352,2026-06-17,자사몰,TW06,무아레 글라스 컵 4P,5,마감이 깔끔하고 튼튼해요,0
RV-0375,2026-06-17,자사몰,FR06,무아레 리넨 룸스프레이,5,향이 은은하고 오래가서 만족해요,0
RV-0425,2026-06-17,자사몰,FB02,무아레 린넨 테이블러너,5,도톰하고 촉감이 좋아요,0
RV-0452,2026-06-17,자사몰,ST03,무아레 아트 엽서세트,5,종이질이 좋아서 필기감이 부드러워요,0
RV-0476,2026-06-17,자사몰,ST01,무아레 데일리 다이어리,2,배송이 생각보다 늦었어요,1
RV-0482,2026-06-17,네이버 스마트스토어,FR01,무아레 화이트무스크 캔들,5,발향 밸런스가 딱 좋아요,0
RV-0023,2026-06-18,자사몰,ST02,무아레 그리드 노트,4,종이질이 좋아서 필기감이 부드러워요,0
RV-0046,2026-06-18,자사몰,FR04,무아레 화이트무스크 디퓨저,5,향이 은은하고 오래가서 만족해요,0
RV-0057,2026-06-18,네이버 스마트스토어,FR05,무아레 오션브리즈 디퓨저,4,방에 두니 분위기가 확 살아요,1
RV-0079,2026-06-18,자사몰,FR08,무아레 미니 캔들 3종세트,5,향이 은은하고 오래가서 만족해요,2
RV-0111,2026-06-18,자사몰,TW02,무아레 웨이브 머그,5,플레이팅이 살아나서 자주 써요,1
RV-0115,2026-06-18,자사몰,FR01,무아레 화이트무스크 캔들,5,발향 밸런스가 딱 좋아요,0
RV-0165,2026-06-18,자사몰,FR05,무아레 오션브리즈 디퓨저,5,방에 두니 분위기가 확 살아요,0
RV-0174,2026-06-18,자사몰,ST04,무아레 마스킹테이프 세트,4,종이질이 좋아서 필기감이 부드러워요,0
RV-0188,2026-06-18,네이버 스마트스토어,FR04,무아레 화이트무스크 디퓨저,3,기대보단 딱 그 정도예요,0
RV-0199,2026-06-18,네이버 스마트스토어,FB03,무아레 워시드 쿠션커버,3,나쁘진 않은데 특별하진 않네요,0
RV-0209,2026-06-18,자사몰,TW01,무아레 스톤 머그,5,선물했더니 좋아하네요,0
RV-0224,2026-06-18,네이버 스마트스토어,FR06,무아레 리넨 룸스프레이,1,색이 화면과 살짝 달라요,1
RV-0261,2026-06-18,자사몰,FR05,무아레 오션브리즈 디퓨저,3,무난해요,0
RV-0274,2026-06-18,자사몰,ST04,무아레 마스킹테이프 세트,5,구성이 알차서 만족이에요,1
RV-0283,2026-06-18,자사몰,TW03,무아레 스톤 플레이트 2P,4,묵직하고 질감이 좋아요,1
RV-0334,2026-06-18,네이버 스마트스토어,FB01,무아레 코튼 블랭킷,5,세탁해도 형태가 잘 유지돼요,5
RV-0361,2026-06-18,네이버 스마트스토어,FB06,무아레 코튼 플레이스매트 2P,2,색이 화면과 살짝 달라요,0
RV-0365,2026-06-18,자사몰,FR08,무아레 미니 캔들 3종세트,5,향이 은은하고 오래가서 만족해요,0
RV-0370,2026-06-18,자사몰,FB05,무아레 웨이브 테이블러너,5,도톰하고 촉감이 좋아요,3
RV-0373,2026-06-18,네이버 스마트스토어,FB03,무아레 워시드 쿠션커버,3,기대보단 딱 그 정도예요,3
RV-0391,2026-06-18,자사몰,FR06,무아레 리넨 룸스프레이,4,발향 밸런스가 딱 좋아요,3
RV-0398,2026-06-18,자사몰,FB02,무아레 린넨 테이블러너,5,세탁해도 형태가 잘 유지돼요,0
RV-0414,2026-06-18,자사몰,ST02,무아레 그리드 노트,4,디자인이 예뻐서 데일리로 써요,1
RV-0416,2026-06-18,네이버 스마트스토어,FR05,무아레 오션브리즈 디퓨저,4,집들이 선물했더니 반응 좋았어요,2
RV-0423,2026-06-18,자사몰,TW06,무아레 글라스 컵 4P,5,마감이 깔끔하고 튼튼해요,8
RV-0424,2026-06-18,자사몰,ST01,무아레 데일리 다이어리,5,선물용으로 딱이에요,1
RV-0432,2026-06-18,네이버 스마트스토어,FR04,무아레 화이트무스크 디퓨저,5,발향 밸런스가 딱 좋아요,3
RV-0439,2026-06-18,자사몰,FR04,무아레 화이트무스크 디퓨저,4,발향 밸런스가 딱 좋아요,0
RV-0443,2026-06-18,네이버 스마트스토어,FB03,무아레 워시드 쿠션커버,2,색이 화면과 살짝 달라요,1
RV-0451,2026-06-18,자사몰,ST03,무아레 아트 엽서세트,5,종이질이 좋아서 필기감이 부드러워요,2
RV-0467,2026-06-18,자사몰,FB05,무아레 웨이브 테이블러너,4,마감이 꼼꼼하네요,0
RV-0494,2026-06-18,네이버 스마트스토어,ST04,무아레 마스킹테이프 세트,5,선물용으로 딱이에요,0
RV-0505,2026-06-18,네이버 스마트스토어,FB05,무아레 웨이브 테이블러너,2,가격 대비 조금 아쉬워요,0
RV-0037,2026-06-19,자사몰,FR07,무아레 디퓨저 리필 200ml,5,향이 은은하고 오래가서 만족해요,0
RV-0049,2026-06-19,네이버 스마트스토어,TW02,무아레 웨이브 머그,3,기대보단 딱 그 정도예요,1
RV-0055,2026-06-19,네이버 스마트스토어,FB03,무아레 워시드 쿠션커버,5,도톰하고 촉감이 좋아요,12
RV-0056,2026-06-19,네이버 스마트스토어,FR05,무아레 오션브리즈 디퓨저,4,발향 밸런스가 딱 좋아요,0
RV-0083,2026-06-19,자사몰,FR04,무아레 화이트무스크 디퓨저,4,패키지가 고급스러워서 소장각이에요,1
RV-0117,2026-06-19,네이버 스마트스토어,ST02,무아레 그리드 노트,3,나쁘진 않은데 특별하진 않네요,0
RV-0126,2026-06-19,자사몰,FR03,무아레 시트러스 캔들,5,방에 두니 분위기가 확 살아요,0
RV-0151,2026-06-19,자사몰,FR03,무아레 시트러스 캔들,4,방에 두니 분위기가 확 살아요,8
RV-0162,2026-06-19,자사몰,FB02,무아레 린넨 테이블러너,2,배송이 생각보다 늦었어요,3
RV-0166,2026-06-19,자사몰,TW05,무아레 스톤 보울,5,마감이 깔끔하고 튼튼해요,2
RV-0197,2026-06-19,자사몰,ST05,무아레 실링스티커,5,구성이 알차서 만족이에요,0
RV-0201,2026-06-19,네이버 스마트스토어,TW04,무아레 웨이브 플레이트 2P,4,마감이 깔끔하고 튼튼해요,0
RV-0219,2026-06-19,자사몰,ST05,무아레 실링스티커,5,선물용으로 딱이에요,0
RV-0264,2026-06-19,자사몰,TW03,무아레 스톤 플레이트 2P,5,색감이 사진 그대로예요,0
RV-0287,2026-06-19,자사몰,ST01,무아레 데일리 다이어리,3,무난해요,0
RV-0301,2026-06-19,네이버 스마트스토어,FR05,무아레 오션브리즈 디퓨저,2,지속력이 아쉬워서 재구매는 고민돼요,8
RV-0325,2026-06-19,자사몰,FB03,무아레 워시드 쿠션커버,5,마감이 꼼꼼하네요,1
RV-0354,2026-06-19,네이버 스마트스토어,FR07,무아레 디퓨저 리필 200ml,5,무아레 향 시리즈 계속 모으는 중이에요,1
RV-0377,2026-06-19,네이버 스마트스토어,FB05,무아레 웨이브 테이블러너,5,세탁해도 형태가 잘 유지돼요,0
RV-0389,2026-06-19,네이버 스마트스토어,FB03,무아레 워시드 쿠션커버,5,도톰하고 촉감이 좋아요,0
RV-0390,2026-06-19,자사몰,TW03,무아레 스톤 플레이트 2P,5,묵직하고 질감이 좋아요,0
RV-0427,2026-06-19,네이버 스마트스토어,TW07,무아레 세라믹 티팟,3,기대보단 딱 그 정도예요,0
RV-0435,2026-06-19,자사몰,ST03,무아레 아트 엽서세트,4,구성이 알차서 만족이에요,0
RV-0440,2026-06-19,네이버 스마트스토어,FR04,무아레 화이트무스크 디퓨저,4,무아레 향 시리즈 계속 모으는 중이에요,0
RV-0472,2026-06-19,자사몰,FB03,무아레 워시드 쿠션커버,5,세탁해도 형태가 잘 유지돼요,0
RV-0492,2026-06-19,자사몰,TW02,무아레 웨이브 머그,4,선물했더니 좋아하네요,3
RV-0508,2026-06-19,자사몰,ST01,무아레 데일리 다이어리,2,색이 화면과 살짝 달라요,1
RV-0517,2026-06-19,네이버 스마트스토어,FB03,무아레 워시드 쿠션커버,4,생각보다 고급스러워요,0
RV-0519,2026-06-19,자사몰,ST02,무아레 그리드 노트,3,가격 생각하면 적당한 것 같아요,2
RV-0018,2026-06-20,자사몰,TW04,무아레 웨이브 플레이트 2P,5,색감이 사진 그대로예요,1
RV-0028,2026-06-20,자사몰,TW01,무아레 스톤 머그,3,기대보단 딱 그 정도예요,8
RV-0109,2026-06-20,자사몰,ST03,무아레 아트 엽서세트,5,가성비 좋아요,0
RV-0120,2026-06-20,네이버 스마트스토어,FB03,무아레 워시드 쿠션커버,5,마감이 꼼꼼하네요,0
RV-0127,2026-06-20,자사몰,FB06,무아레 코튼 플레이스매트 2P,3,기대보단 딱 그 정도예요,5
RV-0130,2026-06-20,네이버 스마트스토어,FR03,무아레 시트러스 캔들,4,무아레 향 시리즈 계속 모으는 중이에요,3
RV-0134,2026-06-20,네이버 스마트스토어,ST01,무아레 데일리 다이어리,5,디자인이 예뻐서 데일리로 써요,5
RV-0167,2026-06-20,자사몰,ST02,무아레 그리드 노트,1,배송이 생각보다 늦었어요,5
RV-0168,2026-06-20,자사몰,FR05,무아레 오션브리즈 디퓨저,3,기대보단 딱 그 정도예요,2
RV-0179,2026-06-20,자사몰,TW01,무아레 스톤 머그,5,색감이 사진 그대로예요,0
RV-0191,2026-06-20,네이버 스마트스토어,FB06,무아레 코튼 플레이스매트 2P,5,색이 은은해서 어디든 잘 어울려요,0
RV-0213,2026-06-20,자사몰,FB02,무아레 린넨 테이블러너,4,색이 은은해서 어디든 잘 어울려요,0
RV-0226,2026-06-20,네이버 스마트스토어,TW04,무아레 웨이브 플레이트 2P,2,배송 중에 깨져서 왔어요,0
RV-0244,2026-06-20,자사몰,FB03,무아레 워시드 쿠션커버,4,도톰하고 촉감이 좋아요,8
RV-0245,2026-06-20,자사몰,FR05,무아레 오션브리즈 디퓨저,4,무아레 향 시리즈 계속 모으는 중이에요,3
RV-0246,2026-06-20,자사몰,FR08,무아레 미니 캔들 3종세트,5,패키지가 고급스러워서 소장각이에요,8
RV-0247,2026-06-20,자사몰,ST03,무아레 아트 엽서세트,5,종이질이 좋아서 필기감이 부드러워요,3
RV-0258,2026-06-20,자사몰,TW05,무아레 스톤 보울,3,그냥 평범해요,0
RV-0259,2026-06-20,자사몰,TW05,무아레 스톤 보울,5,묵직하고 질감이 좋아요,0
RV-0315,2026-06-20,자사몰,ST06,무아레 데스크 캘린더,5,디자인이 예뻐서 데일리로 써요,2
RV-0350,2026-06-20,자사몰,FB03,무아레 워시드 쿠션커버,4,세탁해도 형태가 잘 유지돼요,5
RV-0358,2026-06-20,자사몰,FB02,무아레 린넨 테이블러너,4,색이 은은해서 어디든 잘 어울려요,5
RV-0418,2026-06-20,네이버 스마트스토어,FR07,무아레 디퓨저 리필 200ml,5,집들이 선물했더니 반응 좋았어요,0
RV-0446,2026-06-20,자사몰,FR01,무아레 화이트무스크 캔들,4,향이 은은하고 오래가서 만족해요,1
RV-0462,2026-06-20,네이버 스마트스토어,TW02,무아레 웨이브 머그,4,전자레인지도 되고 실용적이에요,0
RV-0463,2026-06-20,자사몰,TW02,무아레 웨이브 머그,4,전자레인지도 되고 실용적이에요,3
RV-0464,2026-06-20,네이버 스마트스토어,TW02,무아레 웨이브 머그,4,마감이 깔끔하고 튼튼해요,0
RV-0484,2026-06-20,네이버 스마트스토어,TW04,무아레 웨이브 플레이트 2P,2,교환받았는데 또 한쪽이 깨져 있었어요,1
RV-0503,2026-06-20,네이버 스마트스토어,TW04,무아레 웨이브 플레이트 2P,4,묵직하고 질감이 좋아요,3
RV-0518,2026-06-20,자사몰,FR05,무아레 오션브리즈 디퓨저,5,향이 은은하고 오래가서 만족해요,2
RV-0051,2026-06-21,자사몰,ST05,무아레 실링스티커,5,디자인이 예뻐서 데일리로 써요,0
RV-0090,2026-06-21,네이버 스마트스토어,FR01,무아레 화이트무스크 캔들,5,무아레 향 시리즈 계속 모으는 중이에요,0
RV-0110,2026-06-21,네이버 스마트스토어,FR05,무아레 오션브리즈 디퓨저,1,이틀 지나니 향이 거의 안 나요,5
RV-0164,2026-06-21,자사몰,FB05,무아레 웨이브 테이블러너,5,세탁해도 형태가 잘 유지돼요,1
RV-0172,2026-06-21,자사몰,FR05,무아레 오션브리즈 디퓨저,1,지속력이 아쉬워서 재구매는 고민돼요,1
RV-0190,2026-06-21,자사몰,TW06,무아레 글라스 컵 4P,4,선물했더니 좋아하네요,5
RV-0193,2026-06-21,네이버 스마트스토어,FR02,무아레 우드세이지 캔들,5,향이 은은하고 오래가서 만족해요,0
RV-0206,2026-06-21,자사몰,FR04,무아레 화이트무스크 디퓨저,4,집들이 선물했더니 반응 좋았어요,0
RV-0303,2026-06-21,자사몰,ST05,무아레 실링스티커,5,구성이 알차서 만족이에요,0
RV-0335,2026-06-21,자사몰,TW05,무아레 스톤 보울,5,선물했더니 좋아하네요,0
RV-0338,2026-06-21,네이버 스마트스토어,FR05,무아레 오션브리즈 디퓨저,5,발향 밸런스가 딱 좋아요,0
RV-0343,2026-06-21,네이버 스마트스토어,FR05,무아레 오션브리즈 디퓨저,5,향이 은은하고 오래가서 만족해요,0
RV-0349,2026-06-21,자사몰,ST03,무아레 아트 엽서세트,5,가성비 좋아요,1
RV-0383,2026-06-21,네이버 스마트스토어,FR02,무아레 우드세이지 캔들,5,방에 두니 분위기가 확 살아요,1
RV-0433,2026-06-21,자사몰,FR07,무아레 디퓨저 리필 200ml,4,집들이 선물했더니 반응 좋았어요,1
RV-0457,2026-06-21,자사몰,FR06,무아레 리넨 룸스프레이,5,패키지가 고급스러워서 소장각이에요,1
RV-0459,2026-06-21,네이버 스마트스토어,TW01,무아레 스톤 머그,5,색감이 사진 그대로예요,0
RV-0469,2026-06-21,자사몰,FR08,무아레 미니 캔들 3종세트,4,향이 은은하고 오래가서 만족해요,2
RV-0481,2026-06-21,네이버 스마트스토어,TW05,무아레 스톤 보울,5,전자레인지도 되고 실용적이에요,3
RV-0507,2026-06-21,자사몰,FB03,무아레 워시드 쿠션커버,5,세탁해도 형태가 잘 유지돼요,1
RV-0516,2026-06-21,자사몰,FR01,무아레 화이트무스크 캔들,5,패키지가 고급스러워서 소장각이에요,2
RV-0012,2026-06-22,네이버 스마트스토어,TW02,무아레 웨이브 머그,5,마감이 깔끔하고 튼튼해요,2
RV-0058,2026-06-22,네이버 스마트스토어,TW01,무아레 스톤 머그,5,선물했더니 좋아하네요,5
RV-0099,2026-06-22,자사몰,FR05,무아레 오션브리즈 디퓨저,5,발향 밸런스가 딱 좋아요,2
RV-0113,2026-06-22,자사몰,FB06,무아레 코튼 플레이스매트 2P,3,가격 생각하면 적당한 것 같아요,0
RV-0148,2026-06-22,네이버 스마트스토어,TW06,무아레 글라스 컵 4P,1,색이 화면과 살짝 달라요,0
RV-0220,2026-06-22,자사몰,FR06,무아레 리넨 룸스프레이,5,무아레 향 시리즈 계속 모으는 중이에요,2
RV-0235,2026-06-22,네이버 스마트스토어,FR01,무아레 화이트무스크 캔들,5,집들이 선물했더니 반응 좋았어요,0
RV-0254,2026-06-22,자사몰,ST05,무아레 실링스티커,5,구성이 알차서 만족이에요,0
RV-0297,2026-06-22,네이버 스마트스토어,TW06,무아레 글라스 컵 4P,4,전자레인지도 되고 실용적이에요,1
RV-0342,2026-06-22,자사몰,ST03,무아레 아트 엽서세트,3,가격 생각하면 적당한 것 같아요,0
RV-0401,2026-06-22,자사몰,FB02,무아레 린넨 테이블러너,4,마감이 꼼꼼하네요,1
RV-0030,2026-06-23,자사몰,FB05,무아레 웨이브 테이블러너,3,가격 생각하면 적당한 것 같아요,0
RV-0100,2026-06-23,네이버 스마트스토어,ST06,무아레 데스크 캘린더,4,디자인이 예뻐서 데일리로 써요,0
RV-0107,2026-06-23,네이버 스마트스토어,FB02,무아레 린넨 테이블러너,5,생각보다 고급스러워요,0
RV-0108,2026-06-23,네이버 스마트스토어,TW03,무아레 스톤 플레이트 2P,4,색감이 사진 그대로예요,0
RV-0265,2026-06-23,자사몰,ST04,무아레 마스킹테이프 세트,5,선물용으로 딱이에요,2
RV-0269,2026-06-23,네이버 스마트스토어,ST05,무아레 실링스티커,3,나쁘진 않은데 특별하진 않네요,0
RV-0300,2026-06-23,자사몰,FR01,무아레 화이트무스크 캔들,4,무아레 향 시리즈 계속 모으는 중이에요,0
RV-0305,2026-06-23,자사몰,FR04,무아레 화이트무스크 디퓨저,5,집들이 선물했더니 반응 좋았어요,3
RV-0321,2026-06-23,자사몰,ST06,무아레 데스크 캘린더,2,가격 대비 조금 아쉬워요,0
RV-0379,2026-06-23,자사몰,FB06,무아레 코튼 플레이스매트 2P,3,기대보단 딱 그 정도예요,1
RV-0438,2026-06-23,자사몰,FB06,무아레 코튼 플레이스매트 2P,5,마감이 꼼꼼하네요,3
RV-0475,2026-06-23,네이버 스마트스토어,FR05,무아레 오션브리즈 디퓨저,2,디퓨저 스틱에 향이 잘 안 올라와요,1
RV-0144,2026-06-24,자사몰,TW02,무아레 웨이브 머그,4,선물했더니 좋아하네요,3
RV-0145,2026-06-24,네이버 스마트스토어,ST01,무아레 데일리 다이어리,4,구성이 알차서 만족이에요,3
RV-0242,2026-06-24,자사몰,FB04,무아레 린넨 앞치마,5,생각보다 고급스러워요,2
RV-0323,2026-06-24,네이버 스마트스토어,ST02,무아레 그리드 노트,4,디자인이 예뻐서 데일리로 써요,0
RV-0326,2026-06-24,네이버 스마트스토어,FB03,무아레 워시드 쿠션커버,2,배송이 생각보다 늦었어요,0
RV-0393,2026-06-24,네이버 스마트스토어,ST05,무아레 실링스티커,3,기대보단 딱 그 정도예요,1
RV-0408,2026-06-24,네이버 스마트스토어,ST06,무아레 데스크 캘린더,2,기대했는데 아쉽네요,1
RV-0474,2026-06-24,자사몰,TW02,무아레 웨이브 머그,5,묵직하고 질감이 좋아요,0
RV-0009,2026-06-25,네이버 스마트스토어,FR01,무아레 화이트무스크 캔들,2,배송이 생각보다 늦었어요,2
RV-0036,2026-06-25,네이버 스마트스토어,TW02,무아레 웨이브 머그,4,마감이 깔끔하고 튼튼해요,0
RV-0142,2026-06-25,자사몰,TW02,무아레 웨이브 머그,5,묵직하고 질감이 좋아요,0
RV-0154,2026-06-25,네이버 스마트스토어,ST06,무아레 데스크 캘린더,5,디자인이 예뻐서 데일리로 써요,0
RV-0170,2026-06-25,자사몰,ST04,무아레 마스킹테이프 세트,5,가성비 좋아요,0
RV-0253,2026-06-25,자사몰,FB03,무아레 워시드 쿠션커버,4,색이 은은해서 어디든 잘 어울려요,1
RV-0282,2026-06-25,네이버 스마트스토어,ST01,무아레 데일리 다이어리,3,나쁘진 않은데 특별하진 않네요,0
RV-0309,2026-06-25,자사몰,TW05,무아레 스톤 보울,3,나쁘진 않은데 특별하진 않네요,1
RV-0351,2026-06-25,네이버 스마트스토어,ST03,무아레 아트 엽서세트,5,종이질이 좋아서 필기감이 부드러워요,1
RV-0362,2026-06-25,자사몰,ST04,무아레 마스킹테이프 세트,3,가격 생각하면 적당한 것 같아요,0
RV-0515,2026-06-25,자사몰,TW04,무아레 웨이브 플레이트 2P,5,선물했더니 좋아하네요,1
RV-0200,2026-06-26,자사몰,FR08,무아레 미니 캔들 3종세트,1,가격 대비 조금 아쉬워요,8
RV-0284,2026-06-26,네이버 스마트스토어,FR04,무아레 화이트무스크 디퓨저,2,기대했는데 아쉽네요,0
RV-0288,2026-06-26,자사몰,ST06,무아레 데스크 캘린더,5,선물용으로 딱이에요,0
RV-0412,2026-06-26,네이버 스마트스토어,FB02,무아레 린넨 테이블러너,3,기대보단 딱 그 정도예요,5
RV-0251,2026-06-27,자사몰,ST02,무아레 그리드 노트,4,종이질이 좋아서 필기감이 부드러워요,0
RV-0456,2026-06-27,자사몰,FR08,무아레 미니 캔들 3종세트,5,집들이 선물했더니 반응 좋았어요,0
